{
  "updateTask" : {
    "transaction" : "updateTask",
    "sampleCount" : 510,
    "errorCount" : 0,
    "errorPct" : 0.0,
    "meanResTime" : 120.09215686274518,
    "minResTime" : 54.0,
    "maxResTime" : 345.0,
    "pct1ResTime" : 154.90000000000003,
    "pct2ResTime" : 173.0,
    "pct3ResTime" : 257.3599999999997,
    "throughput" : 3.0121015609773383,
    "receivedKBytesPerSec" : 1.0118778681408245,
    "sentKBytesPerSec" : 1.3569683640744874
  },
  "CloseTask" : {
    "transaction" : "CloseTask",
    "sampleCount" : 510,
    "errorCount" : 0,
    "errorPct" : 0.0,
    "meanResTime" : 79.39019607843139,
    "minResTime" : 44.0,
    "maxResTime" : 436.0,
    "pct1ResTime" : 93.0,
    "pct2ResTime" : 124.44999999999999,
    "pct3ResTime" : 198.9299999999995,
    "throughput" : 3.0158420408380495,
    "receivedKBytesPerSec" : 1.057779569665951,
    "sentKBytesPerSec" : 0.9576441894037503
  },
  "Test" : {
    "transaction" : "Test",
    "sampleCount" : 510,
    "errorCount" : 0,
    "errorPct" : 0.0,
    "meanResTime" : 280.1333333333333,
    "minResTime" : 137.0,
    "maxResTime" : 646.0,
    "pct1ResTime" : 335.0,
    "pct2ResTime" : 354.45,
    "pct3ResTime" : 482.3499999999998,
    "throughput" : 3.008352602519938,
    "receivedKBytesPerSec" : 262.69326752992134,
    "sentKBytesPerSec" : 3.1566446158599173
  },
  "allTasks" : {
    "transaction" : "allTasks",
    "sampleCount" : 510,
    "errorCount" : 0,
    "errorPct" : 0.0,
    "meanResTime" : 80.64901960784319,
    "minResTime" : 21.0,
    "maxResTime" : 268.0,
    "pct1ResTime" : 97.90000000000003,
    "pct2ResTime" : 101.0,
    "pct3ResTime" : 120.77999999999997,
    "throughput" : 3.017269430327699,
    "receivedKBytesPerSec" : 261.400002384974,
    "sentKBytesPerSec" : 0.8486070272796654
  },
  "Total" : {
    "transaction" : "Total",
    "sampleCount" : 1530,
    "errorCount" : 0,
    "errorPct" : 0.0,
    "meanResTime" : 93.37712418300664,
    "minResTime" : 21.0,
    "maxResTime" : 436.0,
    "pct1ResTime" : 130.0,
    "pct2ResTime" : 146.0,
    "pct3ResTime" : 210.90000000000055,
    "throughput" : 8.997406629853748,
    "receivedKBytesPerSec" : 261.88842191258107,
    "sentKBytesPerSec" : 3.1469732161759256
  }
}